,Baseline,AW,PC3PC4,Both
0,0.3876068376068376,0.8414529914529915,0.8425213675213675,0.9020299145299145
