,Baseline,AW,PC3PC4,Both
0,0.24978632478632481,0.8352941176470589,0.8588235294117647,0.8588235294117647
