,Baseline,AW,PC3PC4,Both
0,0.3876068376068376,0.8400641025641025,0.8357905982905982,0.8881410256410256
