,Baseline,AW,PC3PC4,Both
0,0.24978632478632481,0.5853632478632479,0.5376068376068376,0.6612179487179488
