,Baseline,AW,PC3PC4,Both
0,0.013888888888888888,0.6131410256410257,0.027777777777777776,0.09722222222222222
