,Baseline,AW,PC3PC4,Both
0,0.24978632478632481,0.5949786324786325,0.5002136752136752,0.6598290598290598
