,Baseline,A/W,PC3/PC4,A/W/PC3/PC4
0,0.27222222222222225,0.6597222222222221,0.425,0.5416666666666666
