,Baseline,A/W,PC3/PC4,A/W/PC3/PC4
0,0.26805555555555555,0.6083333333333334,0.44305555555555554,0.6430555555555555
