,Baseline,A/W,PC3/PC4,A/W/PC3/PC4
0,0.31764705882352945,0.8705882352941176,0.8352941176470587,0.8941176470588236
