,Baseline,A/W,PC3/PC4,A/W/PC3/PC4
0,0.2705882352941177,0.8352941176470587,0.7764705882352941,0.823529411764706
