,Baseline,A/W,PC3/PC4,A/W/PC3/PC4
0,0.27222222222222225,0.5902777777777778,0.4458333333333333,0.6138888888888889
