,Baseline,A/W,PC3/PC4,A/W/PC3/PC4
0,0.2694444444444445,0.6236111111111111,0.42361111111111105,0.5972222222222222
