,Baseline,A/W,PC3/PC4,A/W/PC3/PC4
0,0.27222222222222225,0.6416666666666666,0.4722222222222222,0.5930555555555556
