,Baseline,A/W,PC3/PC4,A/W/PC3/PC4
0,0.2763888888888889,0.6875,0.5305555555555556,0.6166666666666667
