,Baseline,A/W,PC3/PC4,A/W/PC3/PC4
0,0.2705882352941177,0.8470588235294118,0.8352941176470587,0.8941176470588236
