,Baseline,A/W,PC3/PC4,A/W/PC3/PC4
0,0.2652777777777778,0.6347222222222222,0.4583333333333333,0.6458333333333333
