,Baseline,A/W,PC3/PC4,A/W/PC3/PC4
0,0.27222222222222225,0.611111111111111,0.5069444444444444,0.6611111111111111
