,Baseline,A/W,PC3/PC4,A/W/PC3/PC4
0,0.2652777777777778,0.6138888888888888,0.5055555555555555,0.5986111111111111
